/*
Navicat MySQL Data Transfer

Source Server         : shixun
Source Server Version : 50721
Source Host           : localhost:3306
Source Database       : db_news

Target Server Type    : MYSQL
Target Server Version : 50721
File Encoding         : 65001

Date: 2020-04-16 03:38:39
*/

SET FOREIGN_KEY_CHECKS=0;
-- ----------------------------
-- Table structure for `t_comment`
-- ----------------------------
DROP TABLE IF EXISTS `t_comment`;
CREATE TABLE `t_comment` (
  `commentId` int(11) NOT NULL AUTO_INCREMENT,
  `newsId` int(11) DEFAULT NULL,
  `content` varchar(200) DEFAULT NULL,
  `userIP` varchar(40) DEFAULT NULL,
  `commentDate` datetime DEFAULT NULL,
  PRIMARY KEY (`commentId`)
) ENGINE=InnoDB AUTO_INCREMENT=23 DEFAULT CHARSET=utf8;

-- ----------------------------
-- Records of t_comment
-- ----------------------------
INSERT INTO `t_comment` VALUES ('7', '104', '算法', '0:0:0:0:0:0:0:1', '2020-04-15 14:57:32');
INSERT INTO `t_comment` VALUES ('8', '71', '是', '0:0:0:0:0:0:0:1', '2020-04-15 14:57:32');
INSERT INTO `t_comment` VALUES ('9', '73', '的是速度', '0:0:0:0:0:0:0:1', '2020-04-15 14:57:32');
INSERT INTO `t_comment` VALUES ('10', '104', 'das', '127.0.0.1', '2020-04-15 14:57:32');
INSERT INTO `t_comment` VALUES ('11', '104', 'da', '127.0.0.1', '2020-04-15 14:57:32');
INSERT INTO `t_comment` VALUES ('12', '104', 'dsa', '127.0.0.1', '2020-04-15 14:57:32');
INSERT INTO `t_comment` VALUES ('15', '104', 'aaaaaaaqqqqqq', '127.0.0.1', '2020-04-15 02:22:51');
INSERT INTO `t_comment` VALUES ('16', '104', '1111111111111111111111111111111', '127.0.0.1', '2020-04-15 02:37:44');
INSERT INTO `t_comment` VALUES ('17', '104', '999999999999999999', '127.0.0.1', '2020-04-15 02:37:52');
INSERT INTO `t_comment` VALUES ('18', '104', '哇哇哇', '127.0.0.1', '2020-04-15 14:57:32');
INSERT INTO `t_comment` VALUES ('19', '104', 'x', '127.0.0.1', '2020-04-15 15:48:59');
INSERT INTO `t_comment` VALUES ('20', '106', 'ssssssssssss', '127.0.0.1', '2020-04-15 17:25:04');
INSERT INTO `t_comment` VALUES ('21', '114', 'sssss', '127.0.0.1', '2020-04-16 01:57:35');
INSERT INTO `t_comment` VALUES ('22', '114', '太棒了！！！！！', '127.0.0.1', '2020-04-16 01:58:08');

-- ----------------------------
-- Table structure for `t_link`
-- ----------------------------
DROP TABLE IF EXISTS `t_link`;
CREATE TABLE `t_link` (
  `linkId` int(11) NOT NULL AUTO_INCREMENT,
  `linkName` varchar(20) DEFAULT NULL,
  `linkUrl` varchar(40) DEFAULT NULL,
  `linkEmail` varchar(40) DEFAULT NULL,
  `orderNum` int(11) DEFAULT NULL,
  PRIMARY KEY (`linkId`)
) ENGINE=InnoDB AUTO_INCREMENT=22 DEFAULT CHARSET=utf8;

-- ----------------------------
-- Records of t_link
-- ----------------------------
INSERT INTO `t_link` VALUES ('1', 'Java', 'www.baidu.com', 'www.baidu.com', '3');
INSERT INTO `t_link` VALUES ('2', '百度', 'http://www.baidu.com', null, '1');
INSERT INTO `t_link` VALUES ('3', 'CSDN', 'http://www.csdn.com', 'http://www.csdn.com', '5');
INSERT INTO `t_link` VALUES ('11', '超链7', '2', '2', '7');
INSERT INTO `t_link` VALUES ('14', '关于作者', 'www.baidu.com', '39345@qq.com', '2');
INSERT INTO `t_link` VALUES ('18', '飞哥网', 'www.feige.com', 'feige@126.com', '100');
INSERT INTO `t_link` VALUES ('19', '163邮箱', 'www.163.com', '983983888@qq.com', '9');
INSERT INTO `t_link` VALUES ('20', '163邮箱', 'www.163.com', '983983888@qq.com', '9');
INSERT INTO `t_link` VALUES ('21', '关于作者', 'www.baidu.com', 'www.baidu.com', '4');

-- ----------------------------
-- Table structure for `t_news`
-- ----------------------------
DROP TABLE IF EXISTS `t_news`;
CREATE TABLE `t_news` (
  `newsId` int(11) NOT NULL AUTO_INCREMENT,
  `title` varchar(40) DEFAULT NULL,
  `content` text,
  `publishDate` datetime DEFAULT NULL,
  `author` varchar(20) DEFAULT NULL,
  `typeId` int(11) DEFAULT NULL,
  `click` int(11) DEFAULT NULL,
  `isHead` tinyint(4) DEFAULT NULL,
  `isImage` tinyint(4) DEFAULT NULL,
  `imageName` varchar(20) DEFAULT NULL,
  `isHot` tinyint(4) DEFAULT NULL,
  PRIMARY KEY (`newsId`),
  KEY `FK_t_news` (`typeId`),
  CONSTRAINT `FK_t_news` FOREIGN KEY (`typeId`) REFERENCES `t_newstype` (`newsTypeId`)
) ENGINE=InnoDB AUTO_INCREMENT=116 DEFAULT CHARSET=utf8;

-- ----------------------------
-- Records of t_news
-- ----------------------------
INSERT INTO `t_news` VALUES ('1', ' 李兰娟院士结束医学观察返回杭州', '<p>Java是一种可以撰写跨平台应用软件的面向对象的程序设计语言，是由Sun Microsystems公司于1995年5月推出的Java程序设计语言和Java平台（即JavaSE, JavaEE, JavaME）的总称。Java 技术具有卓越的通用性、高效性、平台移植性和安全性，广泛应用于个人PC、数据中心、游戏控制台、科学超级计算机、移动电话和互联网，同时拥有全球最大的开发者专业社群。在全球云计算和移动互联网的产业环境下，Java更具备了显著优势和广阔前景。</p>\r\n', '2020-04-01 00:00:00', '222', '2', '205', '1', '1', '22.jpg', '1');
INSERT INTO `t_news` VALUES ('49', ' 最后一批国家援鄂医疗队返回北京', '<p>4月15日，北京协和医院国家援鄂抗疫医疗队队员乘坐包机从武汉返回北京。该医疗队是湖北全省、武汉全市最后一批离鄂离汉医疗队。返回北京后，医疗队将接受14天的集中观察。图为医疗队乘坐的大巴车驶离北京首都国际机场。 中新社记者 侯宇 摄</p>\r\n', '2020-04-01 00:00:00', '2', '2', '5', '1', '1', '33.jpg', '1');
INSERT INTO `t_news` VALUES ('50', '汪峰喜当爹！！！', '<p>不知不觉在百度百家写了很多东西了，多得都吓到自己了，主要是一路写到现在，仍然是文笔幼稚、面目可憎，阿弥陀佛，善哉善哉。</p>\r\n\r\n<p>处于多年的媒体习惯，写东西对我来说不仅仅是满足一己私欲，同时也想借此了解一下网友们口味，美其名曰趋势、指数、习惯。而在这个过程中我真的发现了一点什么。往下看。（括号里为阅读量）</p>\r\n', '2020-04-01 00:00:00', '尤', '1', '1', '0', '1', '20140313031707.jpg', '1');
INSERT INTO `t_news` VALUES ('51', 'MH370最新消息！！！', '<p>马航客机MH370失联已经进入第六天了，但搜寻依然没有取得突破性的进展。<br />\r\n此前曾有报道称为了搜寻失联的马航客机，马来西亚不惜用尽各种方法，只要不违反伊斯兰教教义，欢迎任何人参与搜索行动，甚至连马来巫师也不例外。<br />\r\n著名马来巫师伊布拉欣马今（IbrahimMatZin）曾于前日前往吉隆坡国际机场，以透过灵异力量寻找失踪飞机所在位置。他在吉隆坡国际机场入口处祈祷后表示有两种感觉，即飞机还在空中飞或已坠海，但不会坠落在陆地上。<br />\r\n随而昨天，伊布拉欣马今在吉隆坡机场继续做法，这次的道具更加奇葩，除了专门的&ldquo;法器&rdquo;之外还动用了两个椰子，但报道中并未提及这次的结果如何，不知道这次大师会得出什么结论。<br />\r\n<img alt=\"\" src=\"userImage/20140313065252.jpg\" /><br />\r\n<img alt=\"\" src=\"userImage/20140313065421.jpg\" /><br />\r\n<img alt=\"\" src=\"userImage/20140313065432.jpg\" /><br />\r\n<img alt=\"\" src=\"userImage/20140313065443.jpg\" /><br />\r\n<img alt=\"\" src=\"userImage/20140313065452.jpg\" /><br />\r\n&nbsp;</p>\r\n', '2020-04-01 00:00:00', 'you', '2', '18', '1', '1', '20140313065252.jpg', '1');
INSERT INTO `t_news` VALUES ('52', '娱乐新闻1', '娱乐新闻1', '2020-04-01 00:00:00', '小锋', '1', '0', '0', '1', '20140313084123.jpg', '1');
INSERT INTO `t_news` VALUES ('53', '娱乐新闻2', '娱乐新闻2', '2020-04-01 00:00:00', '小锋', '1', '0', '0', '0', null, '1');
INSERT INTO `t_news` VALUES ('64', '娱乐新闻3', '娱乐新闻3', '2020-04-01 00:00:00', '小锋', '1', '1', '0', '0', null, '0');
INSERT INTO `t_news` VALUES ('65', '娱乐新闻4', '娱乐新闻4', '2020-04-01 00:00:00', '小锋', '1', '0', '0', '0', null, '0');
INSERT INTO `t_news` VALUES ('66', '娱乐新闻5', '娱乐新闻5', '2020-04-01 00:00:00', '小锋', '1', '0', '0', '0', null, '0');
INSERT INTO `t_news` VALUES ('67', '娱乐新闻6', '娱乐新闻6', '2020-04-01 00:00:00', '小锋', '1', '0', '0', '0', null, '0');
INSERT INTO `t_news` VALUES ('68', '娱乐新闻7', '娱乐新闻7', '2020-04-01 00:00:00', '小锋', '1', '0', '0', '0', null, '0');
INSERT INTO `t_news` VALUES ('69', '娱乐新闻8', '娱乐新闻8', '2020-04-01 00:00:00', '小锋', '1', '0', '0', '0', null, '0');
INSERT INTO `t_news` VALUES ('71', '政治新闻2', '政治新闻8', '2020-04-01 00:00:00', '小锋', '2', '4', '0', '0', null, '0');
INSERT INTO `t_news` VALUES ('72', '政治新闻3', '政治新闻8', '2020-04-01 00:00:00', '小锋', '2', '0', '0', '0', null, '0');
INSERT INTO `t_news` VALUES ('73', '政治新闻4', '政治新闻8', '2020-04-01 00:00:00', '小锋', '2', '3', '0', '0', null, '0');
INSERT INTO `t_news` VALUES ('74', '政治新闻5', '政治新闻8', '2020-04-01 00:00:00', '小锋', '2', '1', '0', '0', null, '0');
INSERT INTO `t_news` VALUES ('75', '政治新闻6', '政治新闻8', '2020-04-01 00:00:00', '小锋', '2', '0', '0', '0', null, '0');
INSERT INTO `t_news` VALUES ('76', '政治新闻7', '政治新闻8', '2020-04-01 00:00:00', '小锋', '2', '1', '0', '0', null, '0');
INSERT INTO `t_news` VALUES ('77', '政治新闻8', '政治新闻8', '2020-04-01 00:00:00', '小锋', '2', '0', '0', '0', null, '0');
INSERT INTO `t_news` VALUES ('78', '经济新闻1', '经济新闻8', '2020-04-01 00:00:00', '小锋', '3', '7', '0', '0', null, '0');
INSERT INTO `t_news` VALUES ('79', '经济新闻3', '经济新闻8', '2020-04-01 00:00:00', '小锋', '3', '0', '0', '0', null, '0');
INSERT INTO `t_news` VALUES ('80', '经济新闻3', '经济新闻8', '2020-04-01 00:00:00', '小锋', '3', '0', '0', '0', null, '0');
INSERT INTO `t_news` VALUES ('81', '经济新闻4', '经济新闻8', '2020-04-01 00:00:00', '小锋', '3', '0', '0', '0', null, '0');
INSERT INTO `t_news` VALUES ('82', '经济新闻5', '经济新闻8', '2020-04-01 00:00:00', '小锋', '3', '0', '0', '0', null, '0');
INSERT INTO `t_news` VALUES ('83', '经济新闻6', '经济新闻8', '2020-04-01 00:00:00', '小锋', '3', '0', '0', '0', null, '0');
INSERT INTO `t_news` VALUES ('84', '经济新闻7', '经济新闻8', '2020-04-01 00:00:00', '小锋', '3', '0', '0', '0', null, '0');
INSERT INTO `t_news` VALUES ('85', '经济新闻8', '经济新闻8', '2020-04-01 00:00:00', '小锋', '3', '0', '0', '0', null, '0');
INSERT INTO `t_news` VALUES ('86', '文化新闻1', '文化新闻8', '2020-04-01 00:00:00', '尤', '4', '0', '0', '0', null, '0');
INSERT INTO `t_news` VALUES ('87', '文化新闻4', '文化新闻8', '2020-04-01 00:00:00', '尤', '4', '0', '0', '0', null, '0');
INSERT INTO `t_news` VALUES ('88', '文化新闻4', '文化新闻8', '2020-04-01 00:00:00', '尤', '4', '0', '0', '0', null, '0');
INSERT INTO `t_news` VALUES ('89', '文化新闻4', '文化新闻8', '2020-04-01 00:00:00', '尤', '4', '0', '0', '0', null, '0');
INSERT INTO `t_news` VALUES ('90', '文化新闻5', '文化新闻8', '2020-04-01 00:00:00', '尤', '4', '0', '0', '0', null, '0');
INSERT INTO `t_news` VALUES ('91', '文化新闻6', '文化新闻8', '2020-04-01 00:00:00', '尤', '4', '0', '0', '0', null, '0');
INSERT INTO `t_news` VALUES ('92', '文化新闻7', '文化新闻8', '2020-04-01 00:00:00', '尤', '4', '0', '0', '0', null, '0');
INSERT INTO `t_news` VALUES ('93', '文化新闻8', '文化新闻8', '2020-04-01 00:00:00', '尤', '4', '0', '0', '0', null, '0');
INSERT INTO `t_news` VALUES ('94', '小道新闻1', '小道新闻8', '2020-04-01 00:00:00', '尤', '5', '1', '0', '0', null, '0');
INSERT INTO `t_news` VALUES ('95', '小道新闻5', '小道新闻8', '2020-04-01 00:00:00', '尤', '5', '1', '0', '0', null, '0');
INSERT INTO `t_news` VALUES ('96', '小道新闻5', '小道新闻8', '2020-04-01 00:00:00', '尤', '5', '1', '0', '0', null, '0');
INSERT INTO `t_news` VALUES ('97', '小道新闻5', '小道新闻8', '2020-04-01 00:00:00', '尤', '5', '1', '0', '0', null, '0');
INSERT INTO `t_news` VALUES ('98', '小道新闻5', '小道新闻8', '2020-04-01 00:00:00', '尤', '5', '1', '0', '0', null, '0');
INSERT INTO `t_news` VALUES ('99', '小道新闻6', '小道新闻8', '2020-04-01 00:00:00', '尤', '5', '1', '0', '0', null, '0');
INSERT INTO `t_news` VALUES ('100', '小道新闻7', '小道新闻8', '2020-04-01 00:00:00', '尤', '5', '1', '0', '0', null, '0');
INSERT INTO `t_news` VALUES ('101', '小道新闻8', '小道新闻8', '2020-04-01 00:00:00', '尤', '5', '1', '0', '0', null, '0');
INSERT INTO `t_news` VALUES ('102', '84消毒液为何叫“84”？专家聊聊它名字的由来', '<p style=\"text-align:start\">　终于知道84消毒液为啥叫&ldquo;84&rdquo;</p>\r\n\r\n<p style=\"text-align:start\">　　84消毒液大家都不陌生，特别是在疫情期间，更是家家必备。那么，你知道84消毒液为啥叫&ldquo;84&rdquo;吗？这个数字到底代表的是排行、浓度、还是配料组成？其实都不是。今天，就请专家跟大家聊聊关于84消毒液名字的由来以及过度使用消毒液的害处。</p>\r\n\r\n<p style=\"text-align:start\">　　&ldquo;如果我们认真去考虑这个数字的话，应该能联想到某个年代。不可能是1884，那就是1984。&rdquo;北京地坛医院李昂院长介绍，在上世纪80年代，北京最常见的两种消毒产品，一种是上岁数的人都知道的来苏水，另一种是消毒粉。不过，尽管这&ldquo;一粉一水&rdquo;对院内消毒有一定作用，但医务人员发现，它们对相关的病毒，甚至细菌、真菌所产出的杀灭作用不是特别理想。</p>\r\n\r\n<p style=\"text-align:start\">　　于是，在1984年，北京地坛医院的前身北京第一传染病医院的医务人员们，经过3000多次的实验，并随着时间的推移、菌类的变化进行了上百次的调整，最终研制出了84消毒液。特别是在1988年，上海甲型肝炎暴发后，84消毒液得到广泛使用，自此被全国人民熟知。30多年过去了，84消毒液的&ldquo;金字招牌&rdquo;仍然屹立不倒。&ldquo;每次说到&lsquo;84&rsquo;我都心存自豪，还是那句话，我们都是为了抗击疫情这个共同的目标在努力。&rdquo;李昂院长表示。</p>\r\n\r\n<p style=\"text-align:start\">&nbsp;</p>\r\n\r\n<p style=\"text-align:start\">　　疫情期间，你有没有在电视上、或者自己生活中看到这些场景：小区、单位门口搭建了消毒通道，对每个进入的人喷淋；居民每天把家里的犄角旮旯消毒一遍，连外出穿的衣服都不放过；物业工作人员身背装满84消毒液的&ldquo;农药桶&rdquo;&ldquo;尽情&rdquo;喷洒，即使身边有人，也毫不&ldquo;手软&rdquo;；有的地方甚至出动喷雾消毒车，在城市大范围喷洒消毒剂&hellip;&hellip;这种消毒方式真的可取吗？</p>\r\n\r\n<p style=\"text-align:start\">　　北京市疾控中心健康教育所的专家带来真相：消毒剂可以抑杀病毒，但如果过度消毒就相当于&ldquo;投毒&rdquo;。盲目喷洒的消毒剂，既不能达到理想的消毒效果，还可能对人体造成损害。同时，极易造成水体、空气、土壤污染。</p>\r\n\r\n<p style=\"text-align:start\">　　过度消毒危害有多大呢？绝大多数消毒剂对人体的皮肤、眼睛、呼吸道均有程度不同的刺激性和腐蚀性，还可以引起过敏反应，甚至造成急性中毒。诸如84消毒液这样的含氯消毒剂，易挥发出氯气，浓度过高容易损伤呼吸道，引发剧烈咳嗽或呼吸困难。严重时，还有可能导致肺水肿，甚至致命。1升空气中含氯气超过0.001毫克就会引起中毒，同时增加致癌、致畸等风险。</p>\r\n\r\n<p style=\"text-align:start\">　　滥用消毒液不光对人体有害。对道路、绿化等环境大面积消毒，会使消毒剂渗透到地下污染水源，或残留在土壤中，对于微生物和其他生物具有潜在危险。残存在城市表面的消毒剂如果随着雨水进入河流，则会对环境造成更为长期的影响。</p>\r\n\r\n<p style=\"text-align:start\">　　文/本报记者 李洁</p>\r\n', '2020-04-01 00:00:00', '尤', '5', '5', '0', '0', '20140313110011.jpg', '1');
INSERT INTO `t_news` VALUES ('103', '31省份常住人口数据出炉：粤浙年增百万 四地负增长', '<p style=\"text-align:start\">中新经纬客户端4月16日电(张猛)日前，31省份均已公布2019年国民经济和社会发展统计公报，常住人口数据悉数出炉。</p>\r\n\r\n<p style=\"text-align:start\">　　<strong>广东连续14年独占榜首</strong></p>\r\n\r\n<div style=\"margin: 0px; padding: 0px; color: rgb(0, 0, 0); font-family: &quot;microsoft yahei&quot;; font-size: 20px; font-style: normal; font-variant-ligatures: normal; font-variant-caps: normal; font-weight: 400; letter-spacing: normal; orphans: 2; text-indent: 0px; text-transform: none; white-space: normal; widows: 2; word-spacing: 0px; -webkit-text-stroke-width: 0px; background-color: rgb(255, 255, 255); text-decoration-style: initial; text-decoration-color: initial; text-align: center;\"><img src=\"http://i2.chinanews.com/simg/cmshd/2020/04/15/5b740e8c18be417ca28fad8b177ffe1b.jpg\" style=\"border:0px; max-width:700px; vertical-align:middle\" /></div>\r\n\r\n<p style=\"text-align:start\">　　数据显示，广东、山东两省2019年常住人口均过亿。广东以1.1521亿常住人口位居全国首位，山东1.007亿常住人口紧随其后，河南以9640万常住人口名列第三。</p>\r\n\r\n<p style=\"text-align:start\">　　梳理发现，广东自2006年以来，已连续14年独占常住人口榜首宝座。2019年，在常住人口增长方面，只有广东、浙江两省份突破百万大关。广东、浙江常住人口比2018年末分别增加175万、113万。</p>\r\n\r\n<p style=\"text-align:start\">　　值得注意的是，浙江2019年人口流入84.1万人，超过广东的82.62万人，成最吸引人的省份。</p>\r\n\r\n<p style=\"text-align:start\">　　北京大学国民经济研究中心主任苏剑对中新经纬客户端表示，常住人口增加与两方面因素有关，一是自然生育率，二是人口流入数量，常住人口增加与当地经济发展程度呈正相关，经济越发达，吸引外来就业的劳动力就越多。</p>\r\n\r\n<p style=\"text-align:start\">　　首都经贸大学城市经济与公共管理学院副教授张智新认为，广东、浙江常住人口增加核心原因跟它的经济结构有关，自然气候、地理环境只是辅助条件。广东、浙江当地民营经济活跃，吸引大量劳动力就业，导致大量外来人口流入。</p>\r\n\r\n<p style=\"text-align:start\">　　<strong>京黑吉辽四地常住人口负增长</strong></p>\r\n\r\n<p style=\"text-align:start\">　　公开数据显示，截至2019年末，北京市常住人口为2153.6万，比上年末减少0.6万人，北京市常住人口连续三年负增长。</p>\r\n\r\n<p style=\"text-align:start\">　　此外，黑龙江、吉林、辽宁三省份常住人口分别减少21.8万、13.33万、7.6万，三地常住人口自然增长率分别为－1.01&permil;、-0.85&permil;、-0.80&permil;，均为负增长。</p>\r\n\r\n<p style=\"text-align:start\">　　苏剑解释称，北京常住人口减少是政策的结果，根据《京津冀协同发展规划纲要》，北京严控人口。而黑龙江、吉林、辽宁三省份常住人口负增长是由于两方面原因：一方面是人口流出，另一方面自然增长率低。</p>\r\n\r\n<p style=\"text-align:start\">　　张智新认为，东北地区经济活跃度不及东南沿海地区，创造就业机会有限，造成人口流出。此外，还有部分人出于对气候、地理环境要求，呈现外迁的趋势。</p>\r\n\r\n<div style=\"margin: 0px; padding: 0px; color: rgb(0, 0, 0); font-family: &quot;microsoft yahei&quot;; font-size: 20px; font-style: normal; font-variant-ligatures: normal; font-variant-caps: normal; font-weight: 400; letter-spacing: normal; orphans: 2; text-indent: 0px; text-transform: none; white-space: normal; widows: 2; word-spacing: 0px; -webkit-text-stroke-width: 0px; background-color: rgb(255, 255, 255); text-decoration-style: initial; text-decoration-color: initial; text-align: center;\"><img src=\"http://i2.chinanews.com/simg/cmshd/2020/04/15/e2fc6ae5d63e44f9a92e2900f4bd05e9.jpg\" style=\"border:0px; max-width:700px; vertical-align:middle\" /></div>\r\n\r\n<p style=\"text-align:start\">　　<strong>13省份城镇化率超60%</strong></p>\r\n\r\n<p style=\"text-align:start\">　　国家统计局数据显示，2019年末全国城镇常住人口84843万人，占总人口比重(常住人口城镇化率)为60.60%，城镇化率首次突破60%大关。</p>\r\n\r\n<p style=\"text-align:start\">　　分省份看，截至2019年末，上海、北京、天津、广东、江苏、浙江、辽宁、重庆、福建、内蒙古、山东、湖北、黑龙江等13省份常住人口城镇化超过了60%。其中，上海、北京、天津均常住人口城镇化率均超过80%。</p>\r\n\r\n<p style=\"text-align:start\">　　值得注意的是，截至2019年，仍有18省份城镇化率低于全国平均水平。</p>\r\n\r\n<p style=\"text-align:start\">　　未来如何提高常住人口城镇化率？日前，《中共中央 国务院关于构建更加完善的要素市场化配置体制机制的意见》中提到，深化户籍制度改革。推动超大、特大城市调整完善积分落户政策，探索推动在长三角、珠三角等城市群率先实现户籍准入年限同城化累计互认。放开放宽除个别超大城市外的城市落户限制，试行以经常居住地登记户口制度。</p>\r\n\r\n<p style=\"text-align:start\">　　苏剑建议，部分城市可放开户籍限制，打破人口流动各种障碍，让外来人口享受同等的公共服务。</p>\r\n\r\n<p style=\"text-align:start\">　　在张智新看来，要打破一些壁垒，比如说户籍、住房壁垒，更重要的是把要素市场理顺。针对流动人口对社会保障、教育、医疗、住房需求因势利导。(中新经纬APP)</p>\r\n\r\n<p style=\"text-align:start\">　　<strong>中新经纬版权所有，未经书面授权，任何单位及个人不得转载、摘编以其它方式使用。</strong></p>\r\n', '2020-04-01 00:00:00', '尤', '5', '18', '1', '0', '20140313111448.jpg', '1');
INSERT INTO `t_news` VALUES ('104', '《如果岁月可回头》：青年与中年的温暖交响', '<p style=\"text-align:start\">有关中年危机的社会焦虑，裹挟着挣扎与不甘，由调侃而严肃，从自嘲而悲情，时常出现在大众面前。热播电视剧《如果岁月可回头》正是讲述三位都市人遭遇婚姻滑铁卢，由自我治愈之旅相识，开始三人同行、重返青春的故事，展现主人公对生活、情感、事业进行全新体察，重获新生的改变历程，具有温暖人心的力量。</p>\r\n\r\n<p style=\"text-align:start\">&nbsp;</p>\r\n\r\n<p style=\"text-align:start\">　　青春之姿态是引颈远眺，脚下是梦想的桥梁，而人到中年，就会觉得人生仿佛魔术师抖开了包袱，不会再有太多惊喜，反而各种压力袭来：事业的天花板、生活的负担、家人的期待、世俗的比较&hellip;&hellip;于是，一再浮现的梦想冲动与维持稳定的现实需求激烈冲突着。《如果岁月可回头》以诙谐又时尚的格调展现三个男人的颠覆冒险，不管是改变外在形象的染发、穿潮牌，还是体验年轻人生活方式的快闪、狂欢，三人无所不用其极，放下一切顾虑，以年轻人的姿态拥抱生活。该剧将镜头聚焦每个人都可能面临的现实窘境，用主人公一次次颠覆自我的尝试，完成现实题材的真正落地；用由表及里的改变过程，展现&ldquo;岁月并非负担，而是沉淀下来的财富&rdquo;的主旨。</p>\r\n\r\n<p style=\"text-align:start\">　　不论是叙事风格，还是剧情切入角度，都淋漓尽致地体现出《如果岁月可回头》的创新性。构成这种创新性的前提，是该剧独具匠心的社会观察点。该剧将叙事方向聚焦在被生活压得喘不过气的中年群体，用源于生活的事件，拉近与观众的距离，产生思想共鸣。白志勇从公司中层沦为茶水间小白，甚至被职场新人呼来喝去；黄九恒屡次受到同行恶性竞争的寻衅滋事；蓝天愚染发受到学校领导的批评&hellip;&hellip;剧中各色人物、各段故事、各种微妙的神态举动复活了现实生活的百般无奈。《如果岁月可回头》用温暖的情感脉络展现人与人之间的现实关系，用令人感同身受的故事为现实生活注入信心和希望。</p>\r\n\r\n<p style=\"text-align:start\">　　自由不羁的前公司中层白志勇、亦柔亦刚的导游兼餐吧老板江小美、在自己专业领域一呼百应的星级酒店行政主厨黄九恒、儒雅沉静的大学中文系老师蓝天愚，大大咧咧又善解人意的典型都市年轻女性区晓鸥等都市众生相，令观众感到亲切。发生在他们身上的故事，也让观众深有感触。比如，人到中年，感情早已过了火花四射的阶段，该如何给爱情保鲜；当感情破裂，是否要为了老人孩子隐瞒离婚事实；相亲惨遭&ldquo;骗婚&rdquo;，个中滋味更与谁人说？</p>\r\n\r\n<p style=\"text-align:start\">　　世上不存在一键搞定的按钮，任何难题的克服都需要过程。《如果岁月可回头》并不只是将镜头聚焦中年危机，更描绘了结伴前行的温暖、彼此鼓励的高光，以及在平凡生活中对&ldquo;远方&rdquo;的重新发现。一路相随的，依然有进退维谷的职场、扰人心智的偏见、一地鸡毛的琐事，但主人公学会与之和解，重新认识自己，重新认识家庭和责任，重拾面对生活的勇气，在人生的&ldquo;拐点&rdquo;再一次成长，着力展现出普通人在岁月积淀下四十不惑、继续奋进的心态，以及为了改变自己付诸的积极行动。一如汪国真所言：&ldquo;到了中年，生命已经流过了青春湍急的峡谷，来到了相对开阔之地，变得从容清澈起来。&rdquo;如同青春的花儿谢了，将会结成果实，这是一种超越荷尔蒙的力量，一种继续成长的力量，一种平静地迎接暴风雨的力量。</p>\r\n\r\n<p style=\"text-align:start\">　　《如果岁月可回头》的温度与深度不仅表现在用创新且极具现实观照的视角，真实摹写社会现实，深度介入时代肌理；还在于改变人们固有观念，引领观众思考生活真谛，富有积极向上的内生动力。人生不能只买&ldquo;区间票&rdquo;，新时代造就社会中坚，年龄从来不是关隘，心态和格局才是。岁月并非负担，将时间精雕细琢，用沉淀为人生句读，将会收获宝贵的财富。每个人心中，心房一边住着&ldquo;年少&rdquo;，心室一侧住着&ldquo;青春&rdquo;，偷一点时间，证明生命在场。莫听穿林打叶声，何妨吟啸且徐行。</p>\r\n\r\n<p style=\"text-align:start\">　　<strong>(作者：李娜，系中央戏剧学院戏剧教育系副教授)</strong></p>\r\n', '2020-04-01 00:00:00', '尤', '1', '66', '1', '1', '20140313031707.jpg', '1');
INSERT INTO `t_news` VALUES ('105', '吊', '是是', '2020-04-01 00:00:00', '尤', '6', '4', '0', '0', null, '0');
INSERT INTO `t_news` VALUES ('106', '被大火吞噬一周年后，巴黎圣母院怎样了？', '<p style=\"text-align:start\">　<a href=\"http://www.chinanews.com/\" style=\"text-decoration: none; color: rgb(30, 118, 226);\" target=\"_blank\">中新网</a>客户端北京4月16日电(记者 宋宇晟)当地时间2019年4月15日，巴黎圣母院起火，令全世界痛心。一年后的今天，在大火中幸存的文物现在何处？疫情之下，巴黎圣母院修复工作进展如何？</p>\r\n\r\n<p style=\"text-align:start\">　　<strong>一年前，</strong><strong>大火吞噬&ldquo;欧洲文化的象征&rdquo;</strong></p>\r\n\r\n<p style=\"text-align:start\">　　巴黎圣母院大火发生在当地时间2019年4月15日下午。</p>\r\n\r\n<div style=\"margin: 0px; padding: 0px; color: rgb(0, 0, 0); font-family: &quot;microsoft yahei&quot;; font-size: 20px; font-style: normal; font-variant-ligatures: normal; font-variant-caps: normal; font-weight: 400; letter-spacing: normal; orphans: 2; text-indent: 0px; text-transform: none; white-space: normal; widows: 2; word-spacing: 0px; -webkit-text-stroke-width: 0px; background-color: rgb(255, 255, 255); text-decoration-style: initial; text-decoration-color: initial; text-align: center;\"><a href=\"http://cul.chinanews.com/\" rel=\"sexylightbox[gp]\" style=\"text-decoration: none; color: rgb(30, 118, 226);\" target=\"_self\"><img alt=\"点击进入下一页\" src=\"http://i2.chinanews.com/simg/cmshd/2020/04/14/dd93e160e243452bb310e6efe9ab64ab.gif\" style=\"border:0px; cursor:pointer; max-width:700px; vertical-align:middle\" title=\"当地时间2019年4月15日，法国巴黎圣母院起火。视频截图\" /></a></div>\r\n\r\n<div class=\"pictext\" style=\"margin: 10px auto 0px; padding: 0px 10px; width: 700px; border: none; text-align: left; font-size: 14px; color: rgb(130, 130, 130); font-family: &quot;microsoft yahei&quot;; font-style: normal; font-variant-ligatures: normal; font-variant-caps: normal; font-weight: 400; letter-spacing: normal; orphans: 2; text-transform: none; white-space: normal; widows: 2; word-spacing: 0px; -webkit-text-stroke-width: 0px; background-color: rgb(255, 255, 255); text-decoration-style: initial; text-decoration-color: initial; text-indent: 2em;\">当地时间2019年4月15日，法国巴黎圣母院起火。视频截图</div>\r\n\r\n<p style=\"text-align:start\">　　当时，圣母院正在进行修缮工作，火焰突然开始燃烧。火势不断扑向四周被施工脚手架围起的屋顶，很快吞没了教堂顶尖。</p>\r\n\r\n<p style=\"text-align:start\">　　由于教堂支撑屋顶的为木质结构，顷刻间教堂屋顶被大火焚毁出现大面积崩落，其标志性塔尖也在大火中倒塌。</p>\r\n\r\n<p style=\"text-align:start\">　　这座始建于12世纪的建筑，是法国著名作家维克多&bull;雨果经典小说 &ldquo;钟楼怪人&rdquo;的情节场景，也是法国游客最多的地标建筑之一。德国总理默克尔甚至将其称为&ldquo;法国和欧洲文化的象征&rdquo;。</p>\r\n\r\n<div style=\"margin: 0px; padding: 0px; color: rgb(0, 0, 0); font-family: &quot;microsoft yahei&quot;; font-size: 20px; font-style: normal; font-variant-ligatures: normal; font-variant-caps: normal; font-weight: 400; letter-spacing: normal; orphans: 2; text-indent: 0px; text-transform: none; white-space: normal; widows: 2; word-spacing: 0px; -webkit-text-stroke-width: 0px; background-color: rgb(255, 255, 255); text-decoration-style: initial; text-decoration-color: initial; text-align: center;\"><a href=\"http://cul.chinanews.com/\" rel=\"sexylightbox[gp]\" style=\"text-decoration: none; color: rgb(30, 118, 226);\" target=\"_self\"><img alt=\"点击进入下一页\" src=\"http://i2.chinanews.com/simg/cmshd/2020/04/14/a81794c2c2024b8d8935d52f88682eff.jpg\" style=\"border:0px; cursor:pointer; max-width:700px; vertical-align:middle\" title=\"资料图：当地时间2019年4月15日晚，法国巴黎圣母院发生大火，引发民众高度关注，众多民众在现场附近聚集。&lt;a target=\'_blank\'  data-cke-saved-href=\'http://www.chinanews.com/\' href=\'http://www.chinanews.com/\'&gt;中新社&lt;/a&gt;记者 李洋 摄\" /></a></div>\r\n\r\n<div class=\"pictext\" style=\"margin: 10px auto 0px; padding: 0px 10px; width: 700px; border: none; text-align: left; font-size: 14px; color: rgb(130, 130, 130); font-family: &quot;microsoft yahei&quot;; font-style: normal; font-variant-ligatures: normal; font-variant-caps: normal; font-weight: 400; letter-spacing: normal; orphans: 2; text-transform: none; white-space: normal; widows: 2; word-spacing: 0px; -webkit-text-stroke-width: 0px; background-color: rgb(255, 255, 255); text-decoration-style: initial; text-decoration-color: initial; text-indent: 2em;\">资料图：当地时间2019年4月15日晚，法国巴黎圣母院发生大火，引发民众高度关注，众多民众在现场附近聚集。<a href=\"http://www.chinanews.com/\" style=\"text-decoration: none; color: rgb(30, 118, 226);\" target=\"_blank\">中新社</a>记者 李洋 摄</div>\r\n\r\n<p style=\"text-align:start\">　　当时，成千上万的巴黎人和游客聚集在塞纳河的河岸上，震惊地看着大火正吞噬着这所全世界著名的教堂。许多人目睹此景潸然泪下，一些人跪在桥面上为圣母院祈祷，还有人朝圣母院方向唱起圣歌。</p>\r\n\r\n<p style=\"text-align:start\">　　在燃烧了近15个小时后，巴黎消防部门宣布大火被全部扑灭。虽然大教堂的主体框架和长方形塔楼被保住，但整座建筑仍受损严重。</p>\r\n\r\n<p style=\"text-align:start\">　　法国总统马克龙表示，巴黎圣母院起火，触及到整个国家的情感。</p>\r\n\r\n<div style=\"margin: 0px; padding: 0px; color: rgb(0, 0, 0); font-family: &quot;microsoft yahei&quot;; font-size: 20px; font-style: normal; font-variant-ligatures: normal; font-variant-caps: normal; font-weight: 400; letter-spacing: normal; orphans: 2; text-indent: 0px; text-transform: none; white-space: normal; widows: 2; word-spacing: 0px; -webkit-text-stroke-width: 0px; background-color: rgb(255, 255, 255); text-decoration-style: initial; text-decoration-color: initial; text-align: center;\"><a href=\"http://cul.chinanews.com/\" rel=\"sexylightbox[gp]\" style=\"text-decoration: none; color: rgb(30, 118, 226);\" target=\"_self\"><img alt=\"点击进入下一页\" src=\"http://i2.chinanews.com/simg/cmshd/2020/04/14/02985f00e6704064a5f21b80b417cff6.jpg\" style=\"border:0px; cursor:pointer; max-width:700px; vertical-align:middle\" title=\"资料图：巴黎圣母院陷于火海之中。\" /></a></div>\r\n\r\n<div class=\"pictext\" style=\"margin: 10px auto 0px; padding: 0px 10px; width: 700px; border: none; text-align: left; font-size: 14px; color: rgb(130, 130, 130); font-family: &quot;microsoft yahei&quot;; font-style: normal; font-variant-ligatures: normal; font-variant-caps: normal; font-weight: 400; letter-spacing: normal; orphans: 2; text-transform: none; white-space: normal; widows: 2; word-spacing: 0px; -webkit-text-stroke-width: 0px; background-color: rgb(255, 255, 255); text-decoration-style: initial; text-decoration-color: initial; text-indent: 2em;\">资料图：巴黎圣母院陷于火海之中。</div>\r\n\r\n<p style=\"text-align:start\">　　<strong>那些劫后余生的文物</strong></p>\r\n\r\n<p style=\"text-align:start\">　　火灾发生后，多国领导人对此次大火造成的影响表示惋惜。同时，巴黎圣母院中所藏文物的情况也备受关注。</p>\r\n\r\n<p style=\"text-align:start\">　　大火发生当日，消防队员和教堂负责人们组成了一条运输&ldquo;人链&rdquo;，冲进火场抢救文物，大教堂内绝大多数的文物和贵重物品都被保存了下来。</p>\r\n\r\n<div style=\"margin: 0px; padding: 0px; color: rgb(0, 0, 0); font-family: &quot;microsoft yahei&quot;; font-size: 20px; font-style: normal; font-variant-ligatures: normal; font-variant-caps: normal; font-weight: 400; letter-spacing: normal; orphans: 2; text-indent: 0px; text-transform: none; white-space: normal; widows: 2; word-spacing: 0px; -webkit-text-stroke-width: 0px; background-color: rgb(255, 255, 255); text-decoration-style: initial; text-decoration-color: initial; text-align: center;\"><a href=\"http://cul.chinanews.com/\" rel=\"sexylightbox[gp]\" style=\"text-decoration: none; color: rgb(30, 118, 226);\" target=\"_self\"><img alt=\"点击进入下一页\" src=\"http://i2.chinanews.com/simg/cmshd/2020/04/14/013c6ec6eaa14f79aa7fb9c9738264ab.jpg\" style=\"border:0px; cursor:pointer; max-width:700px; vertical-align:middle\" title=\"资料图：当地时间2019年4月17日，俯瞰火灾后的巴黎圣母院，屋顶被烧穿出现“大窟窿”。\" /></a></div>\r\n\r\n<div class=\"pictext\" style=\"margin: 10px auto 0px; padding: 0px 10px; width: 700px; border: none; text-align: left; font-size: 14px; color: rgb(130, 130, 130); font-family: &quot;microsoft yahei&quot;; font-style: normal; font-variant-ligatures: normal; font-variant-caps: normal; font-weight: 400; letter-spacing: normal; orphans: 2; text-transform: none; white-space: normal; widows: 2; word-spacing: 0px; -webkit-text-stroke-width: 0px; background-color: rgb(255, 255, 255); text-decoration-style: initial; text-decoration-color: initial; text-indent: 2em;\">资料图：当地时间2019年4月17日，俯瞰火灾后的巴黎圣母院，屋顶被烧穿出现&ldquo;大窟窿&rdquo;。</div>\r\n\r\n<p style=\"text-align:start\">　　大火被全部扑灭后，法国消防部门即确认，圣母院中的主要文物&ldquo;耶稣荆棘冠&rdquo;和&ldquo;圣路易祭服&rdquo;没有受损。</p>\r\n\r\n<p style=\"text-align:start\">　　此后，法国文化部长弗兰克∙里斯特(Franck Riester)透露，大多数的艺术作品在火灾中幸存。然而，其中有四件作品的情况不太乐观。这些艺术品预计将被运往卢浮宫，专家们将修复画作中被烟或水造成的轻微损坏，然后再将其存放。同时，圣母院顶部的雕像也被移走。</p>\r\n\r\n<p style=\"text-align:start\">　　2019年9月，在欧洲文化遗产日之际，巴黎圣母院大火后幸存的顶级文物在巴黎多个机构展出。</p>\r\n\r\n<div style=\"margin: 0px; padding: 0px; color: rgb(0, 0, 0); font-family: &quot;microsoft yahei&quot;; font-size: 20px; font-style: normal; font-variant-ligatures: normal; font-variant-caps: normal; font-weight: 400; letter-spacing: normal; orphans: 2; text-indent: 0px; text-transform: none; white-space: normal; widows: 2; word-spacing: 0px; -webkit-text-stroke-width: 0px; background-color: rgb(255, 255, 255); text-decoration-style: initial; text-decoration-color: initial; text-align: center;\"><a href=\"http://cul.chinanews.com/\" rel=\"sexylightbox[gp]\" style=\"text-decoration: none; color: rgb(30, 118, 226);\" target=\"_self\"><img alt=\"点击进入下一页\" src=\"http://i2.chinanews.com/simg/cmshd/2020/04/14/49c2704ad8f54a97ab01fee04de03d8c.jpg\" style=\"border:0px; cursor:pointer; max-width:700px; vertical-align:middle\" title=\"资料图：当地时间2019年9月21日，在法国文化部展出的巴黎圣母院塔尖上的公鸡风向标。&lt;a target=\'_blank\'  data-cke-saved-href=\'http://www.chinanews.com/\' href=\'http://www.chinanews.com/\'&gt;中新社&lt;/a&gt;记者 李洋 摄\" /></a></div>\r\n\r\n<div class=\"pictext\" style=\"margin: 10px auto 0px; padding: 0px 10px; width: 700px; border: none; text-align: left; font-size: 14px; color: rgb(130, 130, 130); font-family: &quot;microsoft yahei&quot;; font-style: normal; font-variant-ligatures: normal; font-variant-caps: normal; font-weight: 400; letter-spacing: normal; orphans: 2; text-transform: none; white-space: normal; widows: 2; word-spacing: 0px; -webkit-text-stroke-width: 0px; background-color: rgb(255, 255, 255); text-decoration-style: initial; text-decoration-color: initial; text-indent: 2em;\">资料图：当地时间2019年9月21日，在法国文化部展出的巴黎圣母院塔尖上的公鸡风向标。<a href=\"http://www.chinanews.com/\" style=\"text-decoration: none; color: rgb(30, 118, 226);\" target=\"_blank\">中新社</a>记者 李洋 摄</div>\r\n\r\n<p style=\"text-align:start\">　　展出的文物中包括巴黎圣母院塔尖上的公鸡风向标。它在火灾中掉落在圣母院里，随后被发现并移交文物管理部门。</p>\r\n\r\n<p style=\"text-align:start\">　　据此前报道，公鸡风向标的整体结构基本完好，但个别地方断裂变形，被大火烧过的痕迹仍然可以辨识。</p>\r\n\r\n<p style=\"text-align:start\">　　长达25米的&ldquo;唱诗班地毯&rdquo;也在大火中幸存。这件地毯在大火中还曾被为了灭火而喷洒的水浸泡。维护人员对地毯进行了干燥处理，防止真菌和寄生虫的滋长。</p>\r\n\r\n<div style=\"margin: 0px; padding: 0px; color: rgb(0, 0, 0); font-family: &quot;microsoft yahei&quot;; font-size: 20px; font-style: normal; font-variant-ligatures: normal; font-variant-caps: normal; font-weight: 400; letter-spacing: normal; orphans: 2; text-indent: 0px; text-transform: none; white-space: normal; widows: 2; word-spacing: 0px; -webkit-text-stroke-width: 0px; background-color: rgb(255, 255, 255); text-decoration-style: initial; text-decoration-color: initial; text-align: center;\"><a href=\"http://cul.chinanews.com/\" rel=\"sexylightbox[gp]\" style=\"text-decoration: none; color: rgb(30, 118, 226);\" target=\"_self\"><img alt=\"点击进入下一页\" src=\"http://i2.chinanews.com/simg/cmshd/2020/04/14/098e76ac4fe845778c6d4656ff87dfbd.jpg\" style=\"border:0px; cursor:pointer; max-width:700px; vertical-align:middle\" title=\"资料图：当地时间2019年9月21日，在法国文化部展出的巴黎圣母院顶级文物、长达25米的“唱诗班地毯”。&lt;a target=\'_blank\'  data-cke-saved-href=\'http://www.chinanews.com/\' href=\'http://www.chinanews.com/\'&gt;中新社&lt;/a&gt;记者 李洋 摄\" /></a></div>\r\n\r\n<div class=\"pictext\" style=\"margin: 10px auto 0px; padding: 0px 10px; width: 700px; border: none; text-align: left; font-size: 14px; color: rgb(130, 130, 130); font-family: &quot;microsoft yahei&quot;; font-style: normal; font-variant-ligatures: normal; font-variant-caps: normal; font-weight: 400; letter-spacing: normal; orphans: 2; text-transform: none; white-space: normal; widows: 2; word-spacing: 0px; -webkit-text-stroke-width: 0px; background-color: rgb(255, 255, 255); text-decoration-style: initial; text-decoration-color: initial; text-indent: 2em;\">资料图：当地时间2019年9月21日，在法国文化部展出的巴黎圣母院顶级文物、长达25米的&ldquo;唱诗班地毯&rdquo;。<a href=\"http://www.chinanews.com/\" style=\"text-decoration: none; color: rgb(30, 118, 226);\" target=\"_blank\">中新社</a>记者 李洋 摄</div>\r\n\r\n<p style=\"text-align:start\">　　而就在几天前，当地时间2020年4月10日，巴黎圣母院举行仪式，迎接重要文物&ldquo;耶稣受难荆棘冠&rdquo;回归。</p>\r\n\r\n<div style=\"margin: 0px; padding: 0px; color: rgb(0, 0, 0); font-family: &quot;microsoft yahei&quot;; font-size: 20px; font-style: normal; font-variant-ligatures: normal; font-variant-caps: normal; font-weight: 400; letter-spacing: normal; orphans: 2; text-indent: 0px; text-transform: none; white-space: normal; widows: 2; word-spacing: 0px; -webkit-text-stroke-width: 0px; background-color: rgb(255, 255, 255); text-decoration-style: initial; text-decoration-color: initial; text-align: center;\"><a href=\"http://cul.chinanews.com/\" rel=\"sexylightbox[gp]\" style=\"text-decoration: none; color: rgb(30, 118, 226);\" target=\"_self\"><img alt=\"点击进入下一页\" src=\"http://i2.chinanews.com/simg/cmshd/2020/04/14/0c8ec2c0d02a4c3887a719a9839e1bef.jpg\" style=\"border:0px; cursor:pointer; max-width:700px; vertical-align:middle\" title=\"一名牧师在擦拭荆棘王冠。(资料图)\" /></a></div>\r\n\r\n<div class=\"pictext\" style=\"margin: 10px auto 0px; padding: 0px 10px; width: 700px; border: none; text-align: left; font-size: 14px; color: rgb(130, 130, 130); font-family: &quot;microsoft yahei&quot;; font-style: normal; font-variant-ligatures: normal; font-variant-caps: normal; font-weight: 400; letter-spacing: normal; orphans: 2; text-transform: none; white-space: normal; widows: 2; word-spacing: 0px; -webkit-text-stroke-width: 0px; background-color: rgb(255, 255, 255); text-decoration-style: initial; text-decoration-color: initial; text-indent: 2em;\">一名牧师在擦拭荆棘王冠。(资料图)</div>\r\n\r\n<p style=\"text-align:start\">　　受新冠肺炎疫情影响，法国管控加强，巴黎圣母院当日仪式现场不对民众开放，只有少数几位神职人员出席，并通过视频直播。</p>\r\n\r\n<p style=\"text-align:start\">　　<strong>修复工程因疫情再次暂停</strong></p>\r\n\r\n<p style=\"text-align:start\">　　火灾发生后，法国总统马克龙曾表示，希望在五年内重建巴黎圣母院。但事实上，整个重建过程并不顺利。</p>\r\n\r\n<p style=\"text-align:start\">　　大火被扑灭当月，维护人员已为在大火中严重损毁的圣母院顶部加装防雨设施，并为圣母院外部一些比较脆弱的结构加装防护网等设施。</p>\r\n\r\n<div style=\"margin: 0px; padding: 0px; color: rgb(0, 0, 0); font-family: &quot;microsoft yahei&quot;; font-size: 20px; font-style: normal; font-variant-ligatures: normal; font-variant-caps: normal; font-weight: 400; letter-spacing: normal; orphans: 2; text-indent: 0px; text-transform: none; white-space: normal; widows: 2; word-spacing: 0px; -webkit-text-stroke-width: 0px; background-color: rgb(255, 255, 255); text-decoration-style: initial; text-decoration-color: initial; text-align: center;\"><a href=\"http://cul.chinanews.com/\" rel=\"sexylightbox[gp]\" style=\"text-decoration: none; color: rgb(30, 118, 226);\" target=\"_self\"><img alt=\"点击进入下一页\" src=\"http://i2.chinanews.com/simg/cmshd/2020/04/14/db2e5e0d6aa6450d952186550481a7a4.jpg\" style=\"border:0px; cursor:pointer; max-width:700px; vertical-align:middle\" title=\"资料图：当地时间2019年4月27日，巴黎圣母院应急保护工作加紧进行。&lt;a target=\'_blank\'  data-cke-saved-href=\'http://www.chinanews.com/\' href=\'http://www.chinanews.com/\'&gt;中新社&lt;/a&gt;记者 李洋 摄\" /></a></div>\r\n\r\n<div class=\"pictext\" style=\"margin: 10px auto 0px; padding: 0px 10px; width: 700px; border: none; text-align: left; font-size: 14px; color: rgb(130, 130, 130); font-family: &quot;microsoft yahei&quot;; font-style: normal; font-variant-ligatures: normal; font-variant-caps: normal; font-weight: 400; letter-spacing: normal; orphans: 2; text-transform: none; white-space: normal; widows: 2; word-spacing: 0px; -webkit-text-stroke-width: 0px; background-color: rgb(255, 255, 255); text-decoration-style: initial; text-decoration-color: initial; text-indent: 2em;\">资料图：当地时间2019年4月27日，巴黎圣母院应急保护工作加紧进行。<a href=\"http://www.chinanews.com/\" style=\"text-decoration: none; color: rgb(30, 118, 226);\" target=\"_blank\">中新社</a>记者 李洋 摄</div>\r\n\r\n<p style=\"text-align:start\">　　当年7月底，法国遭遇热浪，巴黎气温最高达摄氏42.6度，打破自1947年以来的纪录。有外媒援引一名法国官员的说法称，高温导致石块碎裂，有部分石块从巴黎圣母院的穹顶掉落，受损&ldquo;并不严重&rdquo;，但这座建于12世纪的大教堂仍有近一步受损的风险。</p>\r\n\r\n<p style=\"text-align:start\">　　此外，由于巴黎圣母院部分建材含铅，在火灾中释出大量含铅灰尘，为保障工人健康，重建工作于7月暂时停止。</p>\r\n\r\n<p style=\"text-align:start\">　　法国巴黎市政府在巴黎圣母院附近区域使用高压喷洒的方式，向周围土壤中施放能去污的表面活性剂和胶粘剂，从而深度清理铅污染。8月，维修工程重新启动。</p>\r\n\r\n<div style=\"margin: 0px; padding: 0px; color: rgb(0, 0, 0); font-family: &quot;microsoft yahei&quot;; font-size: 20px; font-style: normal; font-variant-ligatures: normal; font-variant-caps: normal; font-weight: 400; letter-spacing: normal; orphans: 2; text-indent: 0px; text-transform: none; white-space: normal; widows: 2; word-spacing: 0px; -webkit-text-stroke-width: 0px; background-color: rgb(255, 255, 255); text-decoration-style: initial; text-decoration-color: initial; text-align: center;\"><a href=\"http://cul.chinanews.com/\" rel=\"sexylightbox[gp]\" style=\"text-decoration: none; color: rgb(30, 118, 226);\" target=\"_self\"><img alt=\"点击进入下一页\" src=\"http://i2.chinanews.com/simg/cmshd/2020/04/14/bf47908e97654b2f9ed042fee39f9f5c.jpg\" style=\"border:0px; cursor:pointer; max-width:700px; vertical-align:middle\" title=\"资料图：当地时间2019年8月19日，法国巴黎圣母院维修工程重新启动。\" /></a></div>\r\n\r\n<div class=\"pictext\" style=\"margin: 10px auto 0px; padding: 0px 10px; width: 700px; border: none; text-align: left; font-size: 14px; color: rgb(130, 130, 130); font-family: &quot;microsoft yahei&quot;; font-style: normal; font-variant-ligatures: normal; font-variant-caps: normal; font-weight: 400; letter-spacing: normal; orphans: 2; text-transform: none; white-space: normal; widows: 2; word-spacing: 0px; -webkit-text-stroke-width: 0px; background-color: rgb(255, 255, 255); text-decoration-style: initial; text-decoration-color: initial; text-indent: 2em;\">资料图：当地时间2019年8月19日，法国巴黎圣母院维修工程重新启动。</div>\r\n\r\n<p style=\"text-align:start\">　　有报道称，修复工程因此已延迟数月，而在拱顶上，还有大堆瓦砾待清。</p>\r\n\r\n<p style=\"text-align:start\">　　值得一提的是，2019年11月，中法双方签署合作文件，就巴黎圣母院修复开展合作。中国专家将参与巴黎圣母院修复工作。</p>\r\n\r\n<p style=\"text-align:start\">　　根据这份文件，中法双方将在2020年确定巴黎圣母院保护修复合作的主题、模式及中方专家人选，尽早选派中国专家与法国团队共同参与现场修复工作。</p>\r\n\r\n<div style=\"margin: 0px; padding: 0px; color: rgb(0, 0, 0); font-family: &quot;microsoft yahei&quot;; font-size: 20px; font-style: normal; font-variant-ligatures: normal; font-variant-caps: normal; font-weight: 400; letter-spacing: normal; orphans: 2; text-indent: 0px; text-transform: none; white-space: normal; widows: 2; word-spacing: 0px; -webkit-text-stroke-width: 0px; background-color: rgb(255, 255, 255); text-decoration-style: initial; text-decoration-color: initial; text-align: center;\"><a href=\"http://cul.chinanews.com/\" rel=\"sexylightbox[gp]\" style=\"text-decoration: none; color: rgb(30, 118, 226);\" target=\"_self\"><img alt=\"点击进入下一页\" src=\"http://i2.chinanews.com/simg/cmshd/2020/04/14/4308e9f1fba9411fb651650ef79fd408.jpg\" style=\"border:0px; cursor:pointer; max-width:700px; vertical-align:middle\" title=\"资料图：当地时间2019年12月22日，巴黎圣母院修复工作紧张进行中。&lt;a target=\'_blank\'  data-cke-saved-href=\'http://www.chinanews.com/\' href=\'http://www.chinanews.com/\'&gt;中新社&lt;/a&gt;记者 李洋 摄\" /></a></div>\r\n\r\n<div class=\"pictext\" style=\"margin: 10px auto 0px; padding: 0px 10px; width: 700px; border: none; text-align: left; font-size: 14px; color: rgb(130, 130, 130); font-family: &quot;microsoft yahei&quot;; font-style: normal; font-variant-ligatures: normal; font-variant-caps: normal; font-weight: 400; letter-spacing: normal; orphans: 2; text-transform: none; white-space: normal; widows: 2; word-spacing: 0px; -webkit-text-stroke-width: 0px; background-color: rgb(255, 255, 255); text-decoration-style: initial; text-decoration-color: initial; text-indent: 2em;\">资料图：当地时间2019年12月22日，巴黎圣母院修复工作紧张进行中。<a href=\"http://www.chinanews.com/\" style=\"text-decoration: none; color: rgb(30, 118, 226);\" target=\"_blank\">中新社</a>记者 李洋 摄</div>\r\n\r\n<p style=\"text-align:start\">　　到了2020年，受新冠肺炎疫情影响，巴黎圣母院修复工作已被暂时搁置。</p>\r\n\r\n<p style=\"text-align:start\">　　据媒体报道，虽然疫情导致工程延宕，但修复工程总负责人乔治兰(Jean-Louis Georgelin)仍有信心，可在5年内修复巴黎圣母院。(完)</p>\r\n', '2020-04-01 00:00:00', '尤', '3', '4', '1', '1', '20140522085716.jpg', '1');
INSERT INTO `t_news` VALUES ('107', 'fdas', '<p>dasfads</p>\r\n\r\n<p>dsa<img alt=\"\" src=\"userImage/20140522090035.jpg\" style=\"height:431px; width:500px\" /></p>\r\n', '2020-04-01 00:00:00', 'fda', '1', '2', '0', '1', '20140522090054.jpg', '0');
INSERT INTO `t_news` VALUES ('108', '111', '<p>222</p>\r\n', '2020-04-01 00:00:00', '2222', '1', '1', '0', '0', null, '0');
INSERT INTO `t_news` VALUES ('109', '2', '<p>2</p>\r\n', '2020-04-01 00:00:00', '2', '1', '0', '0', '0', null, '0');
INSERT INTO `t_news` VALUES ('110', '3', '<p>3</p>\r\n', '2020-04-01 00:00:00', '3', '1', '0', '0', '0', null, '0');
INSERT INTO `t_news` VALUES ('111', '定了！！！高校开学时间！', '<h1><span style=\"font-size:14px\"><span style=\"font-family:comic sans ms,cursive\">&nbsp;<span class=\"marker\"> 4月15日，<strong>江西</strong>公布初高中、中职<strong>毕业年级</strong>之外其他年级、小学、幼儿园、高校的开学安排。前一日，<strong>云南</strong>明确全省高等学校、中职学校、普通中学非毕业年级、小学的开学时间和教学工作安排。</span></span></span></h1>\r\n\r\n<h1><span style=\"font-size:14px\"><span style=\"font-family:comic sans ms,cursive\">&nbsp;&nbsp;&nbsp; 江西省委教育工委书记叶仁荪4月15日表示，全省初高中和中等职业学校除毕业年级之外，其他年级、小学、幼儿园在5月11日前做好学生返校（园）学习准备，具体返校（园）时间将根据疫情防控情况另行发布。</span></span></h1>\r\n\r\n<h1><span style=\"font-size:14px\"><span style=\"font-family:comic sans ms,cursive\">　　此外，全省高校毕业年级学生和有重要科研任务的研究生从4月23日起分期分批错峰返校，其他年级学生从5月7日起分期分批错峰返校，各高校学生返校具体时间安排提前7天报省教育厅同意后再通知学生。原则上&ldquo;五一&rdquo;劳动节期间不安排学生集中返校，5月1日之前返校的学生不安排&ldquo;五一&rdquo;劳动节放假离校。</span></span></h1>\r\n\r\n<h1><span style=\"font-size:14px\"><span style=\"font-family:comic sans ms,cursive\">　　对符合顶岗实习企业所在地疫情防控要求的各高校和中职学校其他年级学生，从4月23日起启动顶岗实习工作。</span></span></h1>\r\n\r\n<h1><span style=\"font-size:14px\"><span style=\"font-family:comic sans ms,cursive\">　　面向高三艺考生、复读生的校外培训机构5月7日后可以申请开展线下培训，由所在地教育行政部门会同卫生健康、市场监管等部门逐项检查验收，在符合防疫条件标准、确保学生安全的前提下，允许其面向高三艺考生、高考复读生开班。校外培训机构面向中小学校其它年级学生开展的线下培训，待中小学生全部返校学习后，可提出申请，经验收达到防疫要求后可开班。</span></span></h1>\r\n\r\n<h1><span style=\"font-size:14px\"><span style=\"font-family:comic sans ms,cursive\">　　云南：高校毕业年级5月6日起、非毕业年级5月11日起可以开学</span></span></h1>\r\n\r\n<h1><span style=\"font-size:14px\"><span style=\"font-family:comic sans ms,cursive\">　　4月14日，云南省教育厅发布《关于2020年春季学期开学的通知》，明确全省高等学校、中职学校、普通中学非毕业年级、小学的开学时间和教学工作安排：</span></span></h1>\r\n\r\n<h1><span style=\"font-size:14px\"><span style=\"font-family:comic sans ms,cursive\">　　开学时间</span></span></h1>\r\n\r\n<h1><span style=\"font-size:14px\"><span style=\"font-family:comic sans ms,cursive\">　　（一）各州、市政府要逐一评估区域内普通中学、中职学校新冠肺炎疫情防控&ldquo;一校一案&rdquo;。达到开学要求的学校，4月20日起可以开学；达不到开学要求的，暂缓开学。</span></span></h1>\r\n\r\n<h1><span style=\"font-size:14px\"><span style=\"font-family:comic sans ms,cursive\">　　（二）各县、市、区政府要逐一评估区域内小学新冠肺炎疫情防控&ldquo;一校一案&rdquo;。达到开学要求的学校，4月26日起小学四、五、六年级可以开学，5月6日起小学一、二、三年级可以开学；达不到开学要求的，暂缓开学。</span></span></h1>\r\n\r\n<h1><span style=\"font-size:14px\"><span style=\"font-family:comic sans ms,cursive\">　　（三）高等学校在属地政府的指导下，以校为主研判新冠肺炎疫情防控情况，&ldquo;一校一策&rdquo;制定开学方案，并报省教育厅备案。达到开学要求的，5月6日起毕业年级可以开学，5月11日起非毕业年级可以开学；达不到开学要求的，暂缓开学。</span></span></h1>\r\n\r\n<h1><span style=\"font-size:14px\"><span style=\"font-family:comic sans ms,cursive\">　　（四）学前教育、特殊教育学校开学时间另行通知。</span></span></h1>\r\n\r\n<h1><span style=\"font-size:14px\"><span style=\"font-family:comic sans ms,cursive\">　　教学工作安排</span></span></h1>\r\n\r\n<h1><span style=\"font-size:14px\"><span style=\"font-family:comic sans ms,cursive\">　　（一）为弥补受疫情影响的教学时间，各地各校可以通过优化教学安排，适当调整节假日及暑假时间等方式完成教学任务。</span></span></h1>\r\n\r\n<h1><span style=\"font-size:14px\"><span style=\"font-family:comic sans ms,cursive\">　　（二）2020年春季学期教学工作和放假时间由各州市教育体育局、高等学校、省属中职学校统筹安排，及时报省教育厅备案。</span></span></h1>\r\n', '2020-04-15 20:04:03', 'xioayou', '6', '0', '1', '0', null, '0');
INSERT INTO `t_news` VALUES ('113', '疫情期间，龙岩学院都做了什么...', '<p><strong>致</strong><strong>龙岩学院</strong><strong>师生的一封信</strong></p>\r\n\r\n<p>&nbsp;</p>\r\n\r\n<p>亲爱的老师、同学们：</p>\r\n\r\n<p>新年好！</p>\r\n\r\n<p>近期，全国新型冠状病毒感染的肺炎疫情防控工作形势严峻。1月25日习近平总书记在中共中央政治局常务委员会会议上的重要讲话，发出了打赢疫情防控阻击战的战斗号召，在寒冬里为亿万人民带来信心与力量。</p>\r\n\r\n<p>学校高度重视疫情防控工作，党政主要领导第一时间作出了加强防控疫情的工作要求，并成立新型冠状病毒感染的肺炎疫情防控工作领导小组，坚决贯彻落实党中央国务院和省委省政府的统一部署，周密安排、强化防控。为更好地支持全国疫情防控，确保广大师生身心健康和生命安全，全力阻断新型冠状病毒感染的肺炎疫情的传播途径，现致信全体师生并望大家共同做到：</p>\r\n\r\n<p><strong>一、顾全大局，积极配合防疫。</strong>全体师生要严格执行国家、当地政府部门和学校有关疫情防控工作的统一安排部署，积极配合做好疫情防控工作，确保通讯畅通，按要求及时填报有关信息和报告个人身体状况。目前仍在湖北、武汉的师生和近期（15天内）出入湖北、武汉的师生要自觉服从当地防疫部门的管理，做好体温测试，采取隔离措施（隔离不少于14天）。师生如有发热、咳嗽、乏力、呼吸困难等症状，要及时到当地政府指定的开设发热门诊的医疗机构就诊，并第一时间将情况报告给本单位负责人。</p>\r\n\r\n<p><strong>二、强化纪律，不提前返校。</strong>根据省教育厅的统一部署，学校已推迟2020年春季开学时间，具体开学时间和后续工作安排学校将提前通知。请全体师生密切与学校联系，在未收到通知、未经批准的情况下，不以任何原因提前返校。</p>\r\n\r\n<p><strong>三、遵从科学，加强自我防护。</strong>全体师生要严肃对待疫情，按照科学方法进行积极有效防护，坚决抛弃侥幸心态。要保持乐观心态，不焦虑和恐慌，多锻炼、少熬夜，确保作息规律，增强自身免疫力，加强防范意识和自我保护能力。要尽量少出门，坚决不去人员密集、环境相对封闭的场所，不去湖北等疫情较为严重的地区。出门时务必要戴好口罩，外出归来要勤洗手并处理好口罩等相关物品。要养成良好的个人卫生习惯，做好垃圾分类，保持居室环境清洁卫生通风等，确保环境健康安全。</p>\r\n\r\n<p><strong>四、坚定信心，理性应对疫情。</strong>疫情形势虽然严峻，广大师生要有充分的信心，相信在党中央的坚强领导下，我们必将控制新型冠状病毒感染的肺炎疫情发展，取得这场战役的胜利。目前社交媒体平台上信息繁杂，大家要理性思考，清晰判断，不信谣、不传谣，以官方和主流媒体发布的疫情防控动态为准，不轻信、不传播不可靠或未经官方证实的疫情信息。</p>\r\n\r\n<p><strong>五、不负韶华，欢度祥和假期。</strong>春节假期，广大师生要充分利用&ldquo;宅&rdquo;在家中这段时间，多陪伴家人，多和父母兄弟姐妹深入交流思想，多向家人宣传教育疫情相关防控措施和要求，劝阻家庭成员拜年、聚餐聚会活动。同学们要利用在家的时间，多学习、多思考，提升自己；老师们要通过网络关心关爱学生，为下学期的教学科研和社会服务做好充分准备。</p>\r\n\r\n<p>各位老师、同学们，在此困难时刻，无论你们身在何处，学校都心系你们和家人的安全。让我们坚定信心、同舟共济、硬核抗疫、共度时艰，与全国人民一起携手并肩，共同打赢这场疫情阻击战！</p>\r\n\r\n<p>衷心祝福全体师生及你们的家人身体健康！阖家幸福！吉祥如意！</p>\r\n\r\n<p>&nbsp;</p>\r\n\r\n<p>&nbsp;</p>\r\n\r\n<p>龙岩学院</p>\r\n\r\n<p>2020年1月29日</p>\r\n', '2020-04-16 01:07:58', 'aa', '2', '3', '1', '1', '20200416010758.jpg', '0');
INSERT INTO `t_news` VALUES ('114', '武汉雷神山医院正式关闭', '<p><strong>4月15日，医务人员在雷神山医院病区贴封条。当日，武汉雷神山医院正式关闭。 中新社记者 张畅 摄</strong></p>\r\n', '2020-04-16 01:57:17', 'y', '2', '4', '1', '1', '20200416020222.jpg', '1');

-- ----------------------------
-- Table structure for `t_newstype`
-- ----------------------------
DROP TABLE IF EXISTS `t_newstype`;
CREATE TABLE `t_newstype` (
  `newsTypeId` int(11) NOT NULL AUTO_INCREMENT,
  `typeName` varchar(20) DEFAULT NULL,
  PRIMARY KEY (`newsTypeId`)
) ENGINE=InnoDB AUTO_INCREMENT=10 DEFAULT CHARSET=utf8;

-- ----------------------------
-- Records of t_newstype
-- ----------------------------
INSERT INTO `t_newstype` VALUES ('1', '娱乐新闻');
INSERT INTO `t_newstype` VALUES ('2', '政治新闻');
INSERT INTO `t_newstype` VALUES ('3', '经济新闻');
INSERT INTO `t_newstype` VALUES ('4', '文化新闻');
INSERT INTO `t_newstype` VALUES ('5', '小道新闻');
INSERT INTO `t_newstype` VALUES ('6', 'xiaoyou独家新闻');
INSERT INTO `t_newstype` VALUES ('8', '其他花边新闻');
INSERT INTO `t_newstype` VALUES ('9', 'pppppadksda');

-- ----------------------------
-- Table structure for `t_user`
-- ----------------------------
DROP TABLE IF EXISTS `t_user`;
CREATE TABLE `t_user` (
  `userId` int(11) NOT NULL AUTO_INCREMENT,
  `userName` varchar(20) DEFAULT NULL,
  `password` varchar(20) DEFAULT NULL,
  PRIMARY KEY (`userId`)
) ENGINE=InnoDB AUTO_INCREMENT=2 DEFAULT CHARSET=utf8;

-- ----------------------------
-- Records of t_user
-- ----------------------------
INSERT INTO `t_user` VALUES ('1', 'admin', '123456');
